price,asOfDate,currencyCode,__typename
5.5591,2024-10-11,EUR,FundPrice
5.5597,2024-10-10,EUR,FundPrice
5.5581,2024-10-09,EUR,FundPrice
5.5589,2024-10-08,EUR,FundPrice
5.5583,2024-10-07,EUR,FundPrice
5.564,2024-10-04,EUR,FundPrice
5.5795,2024-10-03,EUR,FundPrice
5.582,2024-10-02,EUR,FundPrice
5.5926,2024-10-01,EUR,FundPrice
5.5733,2024-09-30,EUR,FundPrice
5.5686,2024-09-27,EUR,FundPrice
5.5615,2024-09-26,EUR,FundPrice
5.5576,2024-09-25,EUR,FundPrice
5.5702,2024-09-24,EUR,FundPrice
5.5576,2024-09-23,EUR,FundPrice
5.5416,2024-09-20,EUR,FundPrice
5.5505,2024-09-19,EUR,FundPrice
5.5368,2024-09-18,EUR,FundPrice
5.5446,2024-09-17,EUR,FundPrice
5.548,2024-09-16,EUR,FundPrice
5.5374,2024-09-13,EUR,FundPrice
5.5335,2024-09-12,EUR,FundPrice
5.5469,2024-09-11,EUR,FundPrice
5.5416,2024-09-10,EUR,FundPrice
5.5388,2024-09-09,EUR,FundPrice
5.5362,2024-09-06,EUR,FundPrice
5.5222,2024-09-05,EUR,FundPrice
5.5203,2024-09-04,EUR,FundPrice
5.508,2024-09-03,EUR,FundPrice
5.4949,2024-09-02,EUR,FundPrice
5.5044,2024-08-30,EUR,FundPrice
5.505,2024-08-29,EUR,FundPrice
5.506,2024-08-28,EUR,FundPrice
5.502,2024-08-27,EUR,FundPrice
5.5072,2024-08-26,EUR,FundPrice
5.512,2024-08-23,EUR,FundPrice
5.5037,2024-08-22,EUR,FundPrice
5.5129,2024-08-21,EUR,FundPrice
5.507,2024-08-20,EUR,FundPrice
5.4961,2024-08-19,EUR,FundPrice
5.4958,2024-08-16,EUR,FundPrice
5.4882,2024-08-15,EUR,FundPrice
5.5058,2024-08-14,EUR,FundPrice
5.5048,2024-08-13,EUR,FundPrice
5.4918,2024-08-12,EUR,FundPrice
5.4947,2024-08-09,EUR,FundPrice
5.486,2024-08-08,EUR,FundPrice
5.4849,2024-08-07,EUR,FundPrice
5.4908,2024-08-06,EUR,FundPrice
5.4858,2024-08-05,EUR,FundPrice
5.5079,2024-08-02,EUR,FundPrice
5.5036,2024-08-01,EUR,FundPrice
5.4898,2024-07-31,EUR,FundPrice
5.4817,2024-07-30,EUR,FundPrice
5.4746,2024-07-29,EUR,FundPrice
5.4661,2024-07-26,EUR,FundPrice
5.4631,2024-07-25,EUR,FundPrice
5.4579,2024-07-24,EUR,FundPrice
5.4528,2024-07-23,EUR,FundPrice
5.4408,2024-07-22,EUR,FundPrice
5.4445,2024-07-19,EUR,FundPrice
5.4539,2024-07-18,EUR,FundPrice
5.4461,2024-07-17,EUR,FundPrice
5.4454,2024-07-16,EUR,FundPrice
5.4405,2024-07-15,EUR,FundPrice
5.4349,2024-07-12,EUR,FundPrice
5.4422,2024-07-11,EUR,FundPrice
5.4235,2024-07-10,EUR,FundPrice
5.4164,2024-07-09,EUR,FundPrice
5.4242,2024-07-08,EUR,FundPrice
5.4181,2024-07-05,EUR,FundPrice
5.4039,2024-07-04,EUR,FundPrice
5.409,2024-07-03,EUR,FundPrice
5.3905,2024-07-02,EUR,FundPrice
5.3873,2024-07-01,EUR,FundPrice
5.3964,2024-06-28,EUR,FundPrice
5.4019,2024-06-27,EUR,FundPrice
5.3987,2024-06-26,EUR,FundPrice
5.4049,2024-06-25,EUR,FundPrice
5.401,2024-06-24,EUR,FundPrice
5.4031,2024-06-21,EUR,FundPrice
5.3959,2024-06-20,EUR,FundPrice
5.4005,2024-06-19,EUR,FundPrice
5.3997,2024-06-18,EUR,FundPrice
5.3914,2024-06-17,EUR,FundPrice
5.4085,2024-06-14,EUR,FundPrice
5.3918,2024-06-13,EUR,FundPrice
5.3873,2024-06-12,EUR,FundPrice
5.3674,2024-06-11,EUR,FundPrice
5.3573,2024-06-10,EUR,FundPrice
5.367,2024-06-07,EUR,FundPrice
5.3834,2024-06-06,EUR,FundPrice
5.3936,2024-06-05,EUR,FundPrice
5.389,2024-06-04,EUR,FundPrice
5.3792,2024-06-03,EUR,FundPrice
5.363,2024-05-31,EUR,FundPrice
5.3598,2024-05-30,EUR,FundPrice
5.3566,2024-05-29,EUR,FundPrice
5.3732,2024-05-28,EUR,FundPrice
5.3768,2024-05-27,EUR,FundPrice
5.3672,2024-05-24,EUR,FundPrice
5.3617,2024-05-23,EUR,FundPrice
5.3791,2024-05-22,EUR,FundPrice
5.3844,2024-05-21,EUR,FundPrice
5.3764,2024-05-20,EUR,FundPrice
5.3791,2024-05-17,EUR,FundPrice
5.3946,2024-05-16,EUR,FundPrice
5.3975,2024-05-15,EUR,FundPrice
5.372,2024-05-14,EUR,FundPrice
5.3805,2024-05-13,EUR,FundPrice
5.3754,2024-05-10,EUR,FundPrice
5.381,2024-05-09,EUR,FundPrice
5.3855,2024-05-08,EUR,FundPrice
5.3928,2024-05-07,EUR,FundPrice
5.3803,2024-05-06,EUR,FundPrice
5.3735,2024-05-03,EUR,FundPrice
5.3571,2024-05-02,EUR,FundPrice
5.3487,2024-05-01,EUR,FundPrice
5.3485,2024-04-30,EUR,FundPrice
5.365,2024-04-29,EUR,FundPrice
5.3513,2024-04-26,EUR,FundPrice
5.3397,2024-04-25,EUR,FundPrice
5.3513,2024-04-24,EUR,FundPrice
5.3667,2024-04-23,EUR,FundPrice
5.3646,2024-04-22,EUR,FundPrice
5.3515,2024-04-19,EUR,FundPrice
5.3579,2024-04-18,EUR,FundPrice
5.3617,2024-04-17,EUR,FundPrice
5.3536,2024-04-16,EUR,FundPrice
5.3756,2024-04-15,EUR,FundPrice
5.3971,2024-04-12,EUR,FundPrice
5.3722,2024-04-11,EUR,FundPrice
5.3833,2024-04-10,EUR,FundPrice
5.398,2024-04-09,EUR,FundPrice
5.383,2024-04-08,EUR,FundPrice
5.3888,2024-04-05,EUR,FundPrice
5.3986,2024-04-04,EUR,FundPrice
5.384,2024-04-03,EUR,FundPrice
5.381,2024-04-02,EUR,FundPrice
5.3953,2024-04-01,EUR,FundPrice
5.3939,2024-03-28,EUR,FundPrice
5.3903,2024-03-27,EUR,FundPrice
5.3753,2024-03-26,EUR,FundPrice
5.3712,2024-03-25,EUR,FundPrice
5.3832,2024-03-22,EUR,FundPrice
5.3683,2024-03-21,EUR,FundPrice
5.3559,2024-03-20,EUR,FundPrice
5.3586,2024-03-19,EUR,FundPrice
5.3534,2024-03-18,EUR,FundPrice
5.3548,2024-03-15,EUR,FundPrice
5.361,2024-03-14,EUR,FundPrice
5.3713,2024-03-13,EUR,FundPrice
5.3698,2024-03-12,EUR,FundPrice
5.371,2024-03-11,EUR,FundPrice
5.3761,2024-03-08,EUR,FundPrice
5.3591,2024-03-07,EUR,FundPrice
5.3478,2024-03-06,EUR,FundPrice
5.3523,2024-03-05,EUR,FundPrice
5.3353,2024-03-04,EUR,FundPrice
5.3343,2024-03-01,EUR,FundPrice
5.3287,2024-02-29,EUR,FundPrice
5.3205,2024-02-28,EUR,FundPrice
5.3268,2024-02-27,EUR,FundPrice
5.3325,2024-02-26,EUR,FundPrice
5.3427,2024-02-23,EUR,FundPrice
5.3282,2024-02-22,EUR,FundPrice
5.3236,2024-02-21,EUR,FundPrice
5.3361,2024-02-20,EUR,FundPrice
5.3253,2024-02-19,EUR,FundPrice
5.3223,2024-02-16,EUR,FundPrice
5.3331,2024-02-15,EUR,FundPrice
5.3285,2024-02-14,EUR,FundPrice
5.3167,2024-02-13,EUR,FundPrice
5.3246,2024-02-12,EUR,FundPrice
5.3181,2024-02-09,EUR,FundPrice
5.3257,2024-02-08,EUR,FundPrice
5.3388,2024-02-07,EUR,FundPrice
5.3397,2024-02-06,EUR,FundPrice
5.3334,2024-02-05,EUR,FundPrice
5.3514,2024-02-02,EUR,FundPrice
5.3789,2024-02-01,EUR,FundPrice
5.3779,2024-01-31,EUR,FundPrice
5.3526,2024-01-30,EUR,FundPrice
5.3616,2024-01-29,EUR,FundPrice
5.3444,2024-01-26,EUR,FundPrice
5.3427,2024-01-25,EUR,FundPrice
5.3225,2024-01-24,EUR,FundPrice
5.3198,2024-01-23,EUR,FundPrice
5.3267,2024-01-22,EUR,FundPrice
5.3126,2024-01-19,EUR,FundPrice
5.3098,2024-01-18,EUR,FundPrice
5.3062,2024-01-17,EUR,FundPrice
5.328,2024-01-16,EUR,FundPrice
5.3335,2024-01-15,EUR,FundPrice
5.3423,2024-01-12,EUR,FundPrice
5.3241,2024-01-11,EUR,FundPrice
5.3162,2024-01-10,EUR,FundPrice
5.3187,2024-01-09,EUR,FundPrice
5.3266,2024-01-08,EUR,FundPrice
5.3256,2024-01-05,EUR,FundPrice
5.3329,2024-01-04,EUR,FundPrice
5.3529,2024-01-03,EUR,FundPrice
5.3631,2024-01-02,EUR,FundPrice
5.371,2023-12-29,EUR,FundPrice
5.3873,2023-12-28,EUR,FundPrice
5.3885,2023-12-27,EUR,FundPrice
5.3771,2023-12-26,EUR,FundPrice
5.3758,2023-12-22,EUR,FundPrice
5.3723,2023-12-21,EUR,FundPrice
5.3661,2023-12-20,EUR,FundPrice
5.3549,2023-12-19,EUR,FundPrice
5.3442,2023-12-18,EUR,FundPrice
5.3538,2023-12-15,EUR,FundPrice
5.3328,2023-12-14,EUR,FundPrice
5.2993,2023-12-13,EUR,FundPrice
5.2847,2023-12-12,EUR,FundPrice
5.2797,2023-12-11,EUR,FundPrice
5.2794,2023-12-08,EUR,FundPrice
5.2973,2023-12-07,EUR,FundPrice
5.2945,2023-12-06,EUR,FundPrice
5.2869,2023-12-05,EUR,FundPrice
5.2671,2023-12-04,EUR,FundPrice
5.2582,2023-12-01,EUR,FundPrice
5.2299,2023-11-30,EUR,FundPrice
5.2327,2023-11-29,EUR,FundPrice
5.2088,2023-11-28,EUR,FundPrice
5.1949,2023-11-27,EUR,FundPrice
5.1726,2023-11-24,EUR,FundPrice
5.1764,2023-11-23,EUR,FundPrice
5.1859,2023-11-22,EUR,FundPrice
5.1877,2023-11-21,EUR,FundPrice
5.1769,2023-11-20,EUR,FundPrice
5.1852,2023-11-17,EUR,FundPrice
5.1899,2023-11-16,EUR,FundPrice
5.1791,2023-11-15,EUR,FundPrice
5.1783,2023-11-14,EUR,FundPrice
5.1447,2023-11-13,EUR,FundPrice
5.1431,2023-11-10,EUR,FundPrice
5.1542,2023-11-09,EUR,FundPrice
5.1533,2023-11-08,EUR,FundPrice
5.1481,2023-11-07,EUR,FundPrice
5.1405,2023-11-06,EUR,FundPrice
5.1543,2023-11-03,EUR,FundPrice
5.1424,2023-11-02,EUR,FundPrice
5.1267,2023-11-01,EUR,FundPrice
5.1145,2023-10-31,EUR,FundPrice
5.1063,2023-10-30,EUR,FundPrice
5.0982,2023-10-27,EUR,FundPrice
5.0909,2023-10-26,EUR,FundPrice
5.0831,2023-10-25,EUR,FundPrice
5.0884,2023-10-24,EUR,FundPrice
5.0728,2023-10-23,EUR,FundPrice
5.0724,2023-10-20,EUR,FundPrice
5.0598,2023-10-19,EUR,FundPrice
5.0652,2023-10-18,EUR,FundPrice
5.0731,2023-10-17,EUR,FundPrice
5.0927,2023-10-16,EUR,FundPrice
5.1001,2023-10-13,EUR,FundPrice
5.0942,2023-10-12,EUR,FundPrice
5.1019,2023-10-11,EUR,FundPrice
5.0939,2023-10-10,EUR,FundPrice
5.0923,2023-10-09,EUR,FundPrice
5.0702,2023-10-06,EUR,FundPrice
5.0748,2023-10-05,EUR,FundPrice
5.062,2023-10-04,EUR,FundPrice
5.072,2023-10-03,EUR,FundPrice
5.08,2023-10-02,EUR,FundPrice
5.0921,2023-09-29,EUR,FundPrice
5.0561,2023-09-28,EUR,FundPrice
5.0859,2023-09-27,EUR,FundPrice
5.0941,2023-09-26,EUR,FundPrice
5.1008,2023-09-25,EUR,FundPrice
5.1063,2023-09-22,EUR,FundPrice
5.1078,2023-09-21,EUR,FundPrice
5.1129,2023-09-20,EUR,FundPrice
5.1055,2023-09-19,EUR,FundPrice
5.1084,2023-09-18,EUR,FundPrice
5.1171,2023-09-15,EUR,FundPrice
5.1253,2023-09-14,EUR,FundPrice
5.1079,2023-09-13,EUR,FundPrice
5.1144,2023-09-12,EUR,FundPrice
5.1137,2023-09-11,EUR,FundPrice
5.1159,2023-09-08,EUR,FundPrice
5.1072,2023-09-07,EUR,FundPrice
5.0999,2023-09-06,EUR,FundPrice
5.1134,2023-09-05,EUR,FundPrice
5.1181,2023-09-04,EUR,FundPrice
5.1269,2023-09-01,EUR,FundPrice
5.137,2023-08-31,EUR,FundPrice
5.1171,2023-08-30,EUR,FundPrice
5.1193,2023-08-29,EUR,FundPrice
5.1071,2023-08-28,EUR,FundPrice
5.111,2023-08-25,EUR,FundPrice
5.1225,2023-08-24,EUR,FundPrice
5.1213,2023-08-23,EUR,FundPrice
5.0927,2023-08-22,EUR,FundPrice
5.0841,2023-08-21,EUR,FundPrice
5.1007,2023-08-18,EUR,FundPrice
5.0891,2023-08-17,EUR,FundPrice
5.099,2023-08-16,EUR,FundPrice
5.0941,2023-08-15,EUR,FundPrice
5.1042,2023-08-14,EUR,FundPrice
5.1083,2023-08-11,EUR,FundPrice
5.1259,2023-08-10,EUR,FundPrice
5.1338,2023-08-09,EUR,FundPrice
5.1403,2023-08-08,EUR,FundPrice
5.1199,2023-08-07,EUR,FundPrice
5.1185,2023-08-04,EUR,FundPrice
5.1181,2023-08-03,EUR,FundPrice
5.1258,2023-08-02,EUR,FundPrice
5.1199,2023-08-01,EUR,FundPrice
5.1303,2023-07-31,EUR,FundPrice
5.1253,2023-07-28,EUR,FundPrice
5.1205,2023-07-27,EUR,FundPrice
5.1129,2023-07-26,EUR,FundPrice
5.1248,2023-07-25,EUR,FundPrice
5.1279,2023-07-24,EUR,FundPrice
5.1173,2023-07-21,EUR,FundPrice
5.1101,2023-07-20,EUR,FundPrice
5.1246,2023-07-19,EUR,FundPrice
5.1293,2023-07-18,EUR,FundPrice
5.1032,2023-07-17,EUR,FundPrice
5.1007,2023-07-14,EUR,FundPrice
5.1026,2023-07-13,EUR,FundPrice
5.0808,2023-07-12,EUR,FundPrice
5.0527,2023-07-11,EUR,FundPrice
5.0518,2023-07-10,EUR,FundPrice
5.0525,2023-07-07,EUR,FundPrice
5.0481,2023-07-06,EUR,FundPrice
5.0791,2023-07-05,EUR,FundPrice
5.0775,2023-07-04,EUR,FundPrice
5.0726,2023-07-03,EUR,FundPrice
5.0756,2023-06-30,EUR,FundPrice
5.0725,2023-06-29,EUR,FundPrice
5.0892,2023-06-28,EUR,FundPrice
5.079,2023-06-27,EUR,FundPrice
5.0955,2023-06-26,EUR,FundPrice
5.088,2023-06-23,EUR,FundPrice
5.0597,2023-06-22,EUR,FundPrice
5.0773,2023-06-21,EUR,FundPrice
5.085,2023-06-20,EUR,FundPrice
5.0629,2023-06-19,EUR,FundPrice
5.0719,2023-06-16,EUR,FundPrice
5.0616,2023-06-15,EUR,FundPrice
5.0795,2023-06-14,EUR,FundPrice
5.0838,2023-06-13,EUR,FundPrice
5.0937,2023-06-12,EUR,FundPrice
5.0885,2023-06-09,EUR,FundPrice
5.0787,2023-06-08,EUR,FundPrice
5.0708,2023-06-07,EUR,FundPrice
5.0812,2023-06-06,EUR,FundPrice
5.078,2023-06-05,EUR,FundPrice
5.0905,2023-06-02,EUR,FundPrice
5.102,2023-06-01,EUR,FundPrice
5.098,2023-05-31,EUR,FundPrice
5.0823,2023-05-30,EUR,FundPrice
5.0584,2023-05-29,EUR,FundPrice
5.0386,2023-05-26,EUR,FundPrice
5.0483,2023-05-25,EUR,FundPrice
5.0559,2023-05-24,EUR,FundPrice
5.0564,2023-05-23,EUR,FundPrice
5.056,2023-05-22,EUR,FundPrice
5.0598,2023-05-19,EUR,FundPrice
5.051,2023-05-18,EUR,FundPrice
5.0673,2023-05-17,EUR,FundPrice
5.0752,2023-05-16,EUR,FundPrice
5.091,2023-05-15,EUR,FundPrice
5.0991,2023-05-12,EUR,FundPrice
5.1065,2023-05-11,EUR,FundPrice
5.0939,2023-05-10,EUR,FundPrice
5.0841,2023-05-09,EUR,FundPrice
5.0873,2023-05-08,EUR,FundPrice
5.0938,2023-05-05,EUR,FundPrice
5.1114,2023-05-04,EUR,FundPrice
5.0986,2023-05-03,EUR,FundPrice
5.1034,2023-05-02,EUR,FundPrice
5.0903,2023-05-01,EUR,FundPrice
5.0896,2023-04-28,EUR,FundPrice
5.0582,2023-04-27,EUR,FundPrice
5.071,2023-04-26,EUR,FundPrice
5.0779,2023-04-25,EUR,FundPrice
5.0546,2023-04-24,EUR,FundPrice
5.0538,2023-04-21,EUR,FundPrice
5.0611,2023-04-20,EUR,FundPrice
5.0513,2023-04-19,EUR,FundPrice
5.0636,2023-04-18,EUR,FundPrice
5.0514,2023-04-17,EUR,FundPrice
5.0535,2023-04-14,EUR,FundPrice
5.0613,2023-04-13,EUR,FundPrice
5.0559,2023-04-12,EUR,FundPrice
5.0674,2023-04-11,EUR,FundPrice
5.095,2023-04-10,EUR,FundPrice
5.094,2023-04-06,EUR,FundPrice
5.0964,2023-04-05,EUR,FundPrice
5.0791,2023-04-04,EUR,FundPrice
5.0771,2023-04-03,EUR,FundPrice
5.0537,2023-03-31,EUR,FundPrice
5.034,2023-03-30,EUR,FundPrice
5.0341,2023-03-29,EUR,FundPrice
5.0329,2023-03-28,EUR,FundPrice
5.0492,2023-03-27,EUR,FundPrice
5.066,2023-03-24,EUR,FundPrice
5.0653,2023-03-23,EUR,FundPrice
5.0352,2023-03-22,EUR,FundPrice
5.0349,2023-03-21,EUR,FundPrice
5.0309,2023-03-20,EUR,FundPrice
5.0416,2023-03-17,EUR,FundPrice
5.0151,2023-03-16,EUR,FundPrice
5.05,2023-03-15,EUR,FundPrice
5.0007,2023-03-14,EUR,FundPrice
5.0554,2023-03-13,EUR,FundPrice
5.0283,2023-03-10,EUR,FundPrice
4.9969,2023-03-09,EUR,FundPrice
4.9952,2023-03-08,EUR,FundPrice
4.9881,2023-03-07,EUR,FundPrice
4.9838,2023-03-06,EUR,FundPrice
4.9833,2023-03-03,EUR,FundPrice
4.985,2023-03-02,EUR,FundPrice
4.9891,2023-03-01,EUR,FundPrice
5.0073,2023-02-28,EUR,FundPrice
5.0229,2023-02-27,EUR,FundPrice
5.0304,2023-02-24,EUR,FundPrice
5.048,2023-02-23,EUR,FundPrice
5.0406,2023-02-22,EUR,FundPrice
5.039,2023-02-21,EUR,FundPrice
5.061,2023-02-20,EUR,FundPrice
5.0626,2023-02-17,EUR,FundPrice
5.0591,2023-02-16,EUR,FundPrice
5.0632,2023-02-15,EUR,FundPrice
5.0708,2023-02-14,EUR,FundPrice
5.0853,2023-02-13,EUR,FundPrice
5.0913,2023-02-10,EUR,FundPrice
5.1112,2023-02-09,EUR,FundPrice
5.1006,2023-02-08,EUR,FundPrice
5.1157,2023-02-07,EUR,FundPrice
5.1189,2023-02-06,EUR,FundPrice
5.137,2023-02-03,EUR,FundPrice
5.16,2023-02-02,EUR,FundPrice
5.0854,2023-02-01,EUR,FundPrice
5.0852,2023-01-31,EUR,FundPrice
5.0796,2023-01-30,EUR,FundPrice
5.096,2023-01-27,EUR,FundPrice
5.0991,2023-01-26,EUR,FundPrice
5.1066,2023-01-25,EUR,FundPrice
5.1016,2023-01-24,EUR,FundPrice
5.0915,2023-01-23,EUR,FundPrice
5.0937,2023-01-20,EUR,FundPrice
5.1125,2023-01-19,EUR,FundPrice
5.1271,2023-01-18,EUR,FundPrice
5.1075,2023-01-17,EUR,FundPrice
5.084,2023-01-16,EUR,FundPrice
5.0806,2023-01-13,EUR,FundPrice
5.0725,2023-01-12,EUR,FundPrice
5.054,2023-01-11,EUR,FundPrice
5.0306,2023-01-10,EUR,FundPrice
5.0442,2023-01-09,EUR,FundPrice
5.0451,2023-01-06,EUR,FundPrice
5.0206,2023-01-05,EUR,FundPrice
5.0304,2023-01-04,EUR,FundPrice
5.0052,2023-01-03,EUR,FundPrice
4.975,2022-12-30,EUR,FundPrice
4.9914,2022-12-29,EUR,FundPrice
4.9824,2022-12-28,EUR,FundPrice
4.9788,2022-12-27,EUR,FundPrice
4.9991,2022-12-23,EUR,FundPrice
5.0098,2022-12-22,EUR,FundPrice
5.0172,2022-12-21,EUR,FundPrice
5.018,2022-12-20,EUR,FundPrice
5.0393,2022-12-19,EUR,FundPrice
5.0407,2022-12-16,EUR,FundPrice
5.0655,2022-12-15,EUR,FundPrice
5.1086,2022-12-14,EUR,FundPrice
5.1085,2022-12-13,EUR,FundPrice
5.0931,2022-12-12,EUR,FundPrice
5.0958,2022-12-09,EUR,FundPrice
5.1218,2022-12-08,EUR,FundPrice
5.1278,2022-12-07,EUR,FundPrice
5.1228,2022-12-06,EUR,FundPrice
5.1048,2022-12-05,EUR,FundPrice
5.0982,2022-12-02,EUR,FundPrice
5.1057,2022-12-01,EUR,FundPrice
5.0637,2022-11-30,EUR,FundPrice
5.0707,2022-11-29,EUR,FundPrice
5.0503,2022-11-28,EUR,FundPrice
5.0482,2022-11-25,EUR,FundPrice
5.0697,2022-11-24,EUR,FundPrice
5.0464,2022-11-23,EUR,FundPrice
5.0352,2022-11-22,EUR,FundPrice
5.0292,2022-11-21,EUR,FundPrice
5.0222,2022-11-18,EUR,FundPrice
5.0118,2022-11-17,EUR,FundPrice
5.0171,2022-11-16,EUR,FundPrice
5.0,2022-11-15,EUR,FundPrice
